{"cameraMode":{"drawMode":0,"name":"Shaded","section":"Shading Mode"},"sceneLighting":true,"audioPlay":false,"sceneViewState":{"showFog":false,"showMaterialUpdate":false,"showSkybox":true,"showFlares":false,"showImageEffects":false,"showParticleSystems":false},"in2DMode":false,"pivot":{"x":951.5909423828125,"y":-1235.997314453125,"z":1195.876220703125},"rotation":{"x":-0.3019055724143982,"y":-0.27850112318992617,"z":0.09269198775291443,"w":-0.9070437550544739},"size":1249.5020751953125,"orthographic":false}